Tamanho,Threshold,MediaCPU,DesvioCPU,MediaReal,DesvioReal
3,-1,0.000001,0.000000,0.000002,0.000001
3,100,0.000001,0.000000,0.000002,0.000000
3,90,0.000001,0.000000,0.000002,0.000000
3,80,0.000001,0.000005,0.000003,0.000008
3,70,0.000001,0.000000,0.000001,0.000000
3,60,0.000001,0.000000,0.000001,0.000000
3,50,0.000001,0.000000,0.000001,0.000000
3,40,0.000001,0.000001,0.000001,0.000000
3,30,0.000001,0.000000,0.000001,0.000000
3,28,0.000001,0.000000,0.000001,0.000000
3,26,0.000001,0.000000,0.000002,0.000001
3,24,0.000001,0.000000,0.000001,0.000000
3,22,0.000001,0.000000,0.000001,0.000000
3,20,0.000001,0.000000,0.000001,0.000000
3,18,0.000001,0.000000,0.000001,0.000000
3,16,0.000001,0.000000,0.000001,0.000000
3,14,0.000001,0.000000,0.000001,0.000000
3,12,0.000001,0.000000,0.000001,0.000000
3,10,0.000001,0.000001,0.000001,0.000001
3,8,0.000001,0.000000,0.000001,0.000000
3,6,0.000001,0.000000,0.000001,0.000000
3,4,0.000001,0.000000,0.000001,0.000000
3,2,0.000001,0.000000,0.000001,0.000000
5,-1,0.000001,0.000000,0.000001,0.000000
5,100,0.000001,0.000000,0.000001,0.000000
5,90,0.000001,0.000000,0.000001,0.000000
5,80,0.000001,0.000000,0.000002,0.000001
5,70,0.000001,0.000000,0.000001,0.000000
5,60,0.000001,0.000000,0.000001,0.000000
5,50,0.000001,0.000000,0.000001,0.000000
5,40,0.000001,0.000000,0.000001,0.000000
5,30,0.000001,0.000000,0.000001,0.000000
5,28,0.000001,0.000000,0.000001,0.000000
5,26,0.000001,0.000000,0.000001,0.000000
5,24,0.000001,0.000001,0.000002,0.000001
5,22,0.000001,0.000000,0.000001,0.000000
5,20,0.000001,0.000000,0.000001,0.000000
5,18,0.000001,0.000000,0.000001,0.000000
5,16,0.000001,0.000000,0.000001,0.000000
5,14,0.000001,0.000000,0.000001,0.000000
5,12,0.000001,0.000000,0.000001,0.000000
5,10,0.000001,0.000001,0.000001,0.000001
5,8,0.000001,0.000000,0.000001,0.000000
5,6,0.000001,0.000000,0.000001,0.000000
5,4,0.000001,0.000000,0.000001,0.000000
5,2,0.000001,0.000000,0.000001,0.000000
10,-1,0.000001,0.000000,0.000002,0.000000
10,100,0.000001,0.000000,0.000002,0.000000
10,90,0.000001,0.000000,0.000002,0.000000
10,80,0.000001,0.000000,0.000002,0.000001
10,70,0.000001,0.000000,0.000002,0.000000
10,60,0.000001,0.000000,0.000002,0.000000
10,50,0.000001,0.000000,0.000002,0.000000
10,40,0.000001,0.000000,0.000002,0.000000
10,30,0.000001,0.000000,0.000001,0.000001
10,28,0.000000,0.000000,0.000000,0.000000
10,26,0.000000,0.000000,0.000000,0.000000
10,24,0.000000,0.000000,0.000000,0.000000
10,22,0.000000,0.000000,0.000000,0.000000
10,20,0.000000,0.000000,0.000000,0.000000
10,18,0.000000,0.000000,0.000000,0.000000
10,16,0.000000,0.000000,0.000000,0.000000
10,14,0.000000,0.000000,0.000000,0.000000
10,12,0.000000,0.000000,0.000000,0.000000
10,10,0.000000,0.000000,0.000000,0.000000
10,8,0.000000,0.000000,0.000000,0.000000
10,6,0.000000,0.000000,0.000000,0.000000
10,4,0.000000,0.000000,0.000000,0.000000
10,2,0.000000,0.000000,0.000000,0.000000
20,-1,0.000000,0.000001,0.000000,0.000000
20,100,0.000001,0.000000,0.000001,0.000000
20,90,0.000001,0.000000,0.000001,0.000000
20,80,0.000001,0.000000,0.000001,0.000000
20,70,0.000001,0.000000,0.000001,0.000000
20,60,0.000001,0.000000,0.000001,0.000000
20,50,0.000000,0.000000,0.000001,0.000000
20,40,0.000000,0.000000,0.000001,0.000000
20,30,0.000001,0.000000,0.000001,0.000000
20,28,0.000001,0.000000,0.000001,0.000000
20,26,0.000001,0.000000,0.000001,0.000000
20,24,0.000001,0.000000,0.000001,0.000000
20,22,0.000001,0.000000,0.000001,0.000000
20,20,0.000000,0.000000,0.000001,0.000000
20,18,0.000000,0.000000,0.000000,0.000000
20,16,0.000000,0.000000,0.000000,0.000000
20,14,0.000000,0.000000,0.000000,0.000000
20,12,0.000000,0.000000,0.000000,0.000000
20,10,0.000000,0.000000,0.000000,0.000000
20,8,0.000000,0.000000,0.000000,0.000000
20,6,0.000000,0.000000,0.000000,0.000000
20,4,0.000000,0.000000,0.000000,0.000000
20,2,0.000000,0.000000,0.000000,0.000000
40,-1,0.000000,0.000000,0.000001,0.000000
40,100,0.000002,0.000000,0.000002,0.000000
40,90,0.000002,0.000000,0.000002,0.000000
40,80,0.000002,0.000000,0.000002,0.000000
40,70,0.000002,0.000000,0.000002,0.000000
40,60,0.000002,0.000000,0.000002,0.000000
40,50,0.000002,0.000000,0.000002,0.000000
40,40,0.000002,0.000000,0.000002,0.000000
40,30,0.000001,0.000000,0.000001,0.000000
40,28,0.000001,0.000000,0.000001,0.000000
40,26,0.000001,0.000000,0.000001,0.000000
40,24,0.000001,0.000000,0.000001,0.000000
40,22,0.000001,0.000000,0.000001,0.000000
40,20,0.000001,0.000000,0.000001,0.000000
40,18,0.000001,0.000000,0.000001,0.000000
40,16,0.000001,0.000000,0.000001,0.000000
40,14,0.000001,0.000000,0.000001,0.000000
40,12,0.000001,0.000000,0.000001,0.000000
40,10,0.000001,0.000000,0.000001,0.000000
40,8,0.000000,0.000000,0.000000,0.000000
40,6,0.000000,0.000000,0.000000,0.000000
40,4,0.000000,0.000000,0.000000,0.000000
40,2,0.000000,0.000000,0.000000,0.000000
80,-1,0.000001,0.000001,0.000001,0.000000
80,100,0.000007,0.000001,0.000007,0.000001
80,90,0.000007,0.000000,0.000007,0.000000
80,80,0.000007,0.000000,0.000007,0.000000
80,70,0.000003,0.000000,0.000003,0.000000
80,60,0.000003,0.000000,0.000003,0.000000
80,50,0.000003,0.000000,0.000003,0.000000
80,40,0.000003,0.000000,0.000003,0.000000
80,30,0.000002,0.000000,0.000002,0.000000
80,28,0.000002,0.000000,0.000002,0.000000
80,26,0.000002,0.000000,0.000002,0.000000
80,24,0.000002,0.000000,0.000002,0.000000
80,22,0.000002,0.000001,0.000002,0.000002
80,20,0.000002,0.000001,0.000002,0.000001
80,18,0.000001,0.000000,0.000001,0.000000
80,16,0.000001,0.000000,0.000001,0.000000
80,14,0.000001,0.000000,0.000001,0.000000
80,12,0.000001,0.000000,0.000001,0.000000
80,10,0.000001,0.000000,0.000001,0.000000
80,8,0.000001,0.000001,0.000001,0.000001
80,6,0.000001,0.000000,0.000001,0.000000
80,4,0.000001,0.000000,0.000001,0.000000
80,2,0.000001,0.000000,0.000001,0.000000
160,-1,0.000001,0.000001,0.000002,0.000000
160,100,0.000014,0.000001,0.000014,0.000001
160,90,0.000015,0.000004,0.000016,0.000004
160,80,0.000027,0.000001,0.000027,0.000001
160,70,0.000015,0.000001,0.000015,0.000001
160,60,0.000015,0.000001,0.000015,0.000001
160,50,0.000015,0.000001,0.000015,0.000001
160,40,0.000016,0.000001,0.000017,0.000000
160,30,0.000009,0.000001,0.000009,0.000001
160,28,0.000009,0.000000,0.000009,0.000000
160,26,0.000009,0.000001,0.000009,0.000001
160,24,0.000009,0.000001,0.000010,0.000000
160,22,0.000010,0.000001,0.000010,0.000001
160,20,0.000009,0.000000,0.000009,0.000000
160,18,0.000005,0.000001,0.000005,0.000001
160,16,0.000005,0.000000,0.000005,0.000000
160,14,0.000005,0.000001,0.000005,0.000000
160,12,0.000005,0.000001,0.000005,0.000001
160,10,0.000004,0.000000,0.000005,0.000000
160,8,0.000003,0.000001,0.000003,0.000001
160,6,0.000003,0.000000,0.000003,0.000000
160,4,0.000003,0.000001,0.000003,0.000000
160,2,0.000003,0.000001,0.000003,0.000001
320,-1,0.000007,0.000003,0.000007,0.000002
320,100,0.000050,0.000008,0.000051,0.000008
320,90,0.000038,0.000002,0.000038,0.000003
320,80,0.000031,0.000002,0.000031,0.000002
320,70,0.000014,0.000002,0.000014,0.000002
320,60,0.000013,0.000001,0.000013,0.000001
320,50,0.000012,0.000000,0.000012,0.000000
320,40,0.000012,0.000001,0.000012,0.000001
320,30,0.000007,0.000001,0.000007,0.000001
320,28,0.000006,0.000000,0.000007,0.000000
320,26,0.000006,0.000001,0.000007,0.000000
320,24,0.000006,0.000001,0.000007,0.000000
320,22,0.000006,0.000000,0.000007,0.000000
320,20,0.000006,0.000001,0.000007,0.000000
320,18,0.000004,0.000001,0.000004,0.000001
320,16,0.000004,0.000000,0.000004,0.000000
320,14,0.000004,0.000000,0.000004,0.000000
320,12,0.000004,0.000000,0.000004,0.000000
320,10,0.000004,0.000000,0.000004,0.000000
320,8,0.000002,0.000001,0.000003,0.000000
320,6,0.000002,0.000000,0.000002,0.000000
320,4,0.000002,0.000001,0.000002,0.000000
320,2,0.000003,0.000001,0.000003,0.000000
640,-1,0.000007,0.000003,0.000007,0.000003
640,100,0.000064,0.000002,0.000064,0.000002
640,90,0.000064,0.000002,0.000064,0.000002
640,80,0.000064,0.000002,0.000064,0.000002
640,70,0.000031,0.000003,0.000031,0.000003
640,60,0.000030,0.000002,0.000030,0.000002
640,50,0.000030,0.000002,0.000030,0.000002
640,40,0.000030,0.000002,0.000030,0.000002
640,30,0.000014,0.000003,0.000014,0.000003
640,28,0.000013,0.000000,0.000013,0.000000
640,26,0.000013,0.000001,0.000013,0.000001
640,24,0.000013,0.000000,0.000013,0.000000
640,22,0.000013,0.000001,0.000013,0.000001
640,20,0.000013,0.000002,0.000014,0.000002
640,18,0.000008,0.000002,0.000008,0.000002
640,16,0.000007,0.000000,0.000007,0.000000
640,14,0.000007,0.000000,0.000007,0.000000
640,12,0.000007,0.000000,0.000007,0.000000
640,10,0.000008,0.000001,0.000008,0.000001
640,8,0.000005,0.000001,0.000006,0.000001
640,6,0.000005,0.000000,0.000005,0.000000
640,4,0.000005,0.000001,0.000005,0.000001
640,2,0.000005,0.000001,0.000006,0.000001
1280,-1,0.000033,0.000003,0.000033,0.000003
1280,100,0.000153,0.000003,0.000153,0.000003
1280,90,0.000153,0.000003,0.000154,0.000003
1280,80,0.000152,0.000004,0.000153,0.000004
1280,70,0.000089,0.000003,0.000089,0.000003
1280,60,0.000087,0.000003,0.000087,0.000003
1280,50,0.000087,0.000003,0.000087,0.000003
1280,40,0.000088,0.000003,0.000088,0.000003
1280,30,0.000049,0.000004,0.000050,0.000004
1280,28,0.000048,0.000003,0.000048,0.000003
1280,26,0.000048,0.000003,0.000048,0.000003
1280,24,0.000049,0.000004,0.000049,0.000004
1280,22,0.000048,0.000003,0.000048,0.000003
1280,20,0.000049,0.000003,0.000049,0.000003
1280,18,0.000029,0.000004,0.000029,0.000004
1280,16,0.000026,0.000001,0.000026,0.000001
1280,14,0.000026,0.000002,0.000026,0.000002
1280,12,0.000028,0.000002,0.000028,0.000001
1280,10,0.000027,0.000001,0.000027,0.000001
1280,8,0.000028,0.000003,0.000028,0.000003
1280,6,0.000026,0.000002,0.000026,0.000002
1280,4,0.000028,0.000003,0.000028,0.000003
1280,2,0.000029,0.000003,0.000029,0.000003
2560,-1,0.000087,0.000007,0.000087,0.000008
2560,100,0.000319,0.000004,0.000319,0.000004
2560,90,0.000318,0.000004,0.000318,0.000004
2560,80,0.000318,0.000004,0.000318,0.000004
2560,70,0.000199,0.000003,0.000199,0.000003
2560,60,0.000198,0.000003,0.000198,0.000003
2560,50,0.000199,0.000003,0.000199,0.000004
2560,40,0.000199,0.000003,0.000199,0.000003
2560,30,0.000127,0.000003,0.000127,0.000003
2560,28,0.000125,0.000001,0.000125,0.000001
2560,26,0.000124,0.000001,0.000124,0.000000
2560,24,0.000123,0.000001,0.000124,0.000001
2560,22,0.000126,0.000003,0.000126,0.000003
2560,20,0.000125,0.000001,0.000126,0.000001
2560,18,0.000086,0.000005,0.000086,0.000005
2560,16,0.000085,0.000003,0.000085,0.000003
2560,14,0.000083,0.000003,0.000084,0.000003
2560,12,0.000085,0.000003,0.000085,0.000003
2560,10,0.000083,0.000003,0.000083,0.000003
2560,8,0.000074,0.000003,0.000074,0.000003
2560,6,0.000073,0.000002,0.000073,0.000002
2560,4,0.000076,0.000003,0.000076,0.000003
2560,2,0.000080,0.000002,0.000080,0.000002
5120,-1,0.000188,0.000013,0.000188,0.000013
5120,100,0.000676,0.000006,0.000677,0.000007
5120,90,0.000676,0.000005,0.000676,0.000005
5120,80,0.000678,0.000006,0.000678,0.000006
5120,70,0.000422,0.000003,0.000422,0.000003
5120,60,0.000422,0.000003,0.000422,0.000003
5120,50,0.000422,0.000005,0.000424,0.000016
5120,40,0.000422,0.000004,0.000422,0.000004
5120,30,0.000279,0.000003,0.000279,0.000003
5120,28,0.000276,0.000002,0.000276,0.000002
5120,26,0.000275,0.000001,0.000275,0.000001
5120,24,0.000274,0.000001,0.000275,0.000001
5120,22,0.000273,0.000001,0.000274,0.000001
5120,20,0.000274,0.000001,0.000274,0.000001
5120,18,0.000203,0.000006,0.000203,0.000006
5120,16,0.000201,0.000004,0.000201,0.000004
5120,14,0.000203,0.000007,0.000203,0.000007
5120,12,0.000198,0.000003,0.000198,0.000003
5120,10,0.000197,0.000004,0.000198,0.000004
5120,8,0.000178,0.000005,0.000179,0.000006
5120,6,0.000176,0.000004,0.000176,0.000004
5120,4,0.000174,0.000006,0.000174,0.000006
5120,2,0.000180,0.000004,0.000181,0.000004
10240,-1,0.000410,0.000019,0.000411,0.000019
10240,100,0.001392,0.000009,0.001392,0.000009
10240,90,0.001393,0.000007,0.001393,0.000007
10240,80,0.001392,0.000008,0.001392,0.000009
10240,70,0.000882,0.000005,0.000882,0.000005
10240,60,0.000882,0.000006,0.000883,0.000006
10240,50,0.000880,0.000005,0.000880,0.000005
10240,40,0.000881,0.000005,0.000881,0.000005
10240,30,0.000598,0.000005,0.000598,0.000005
10240,28,0.000602,0.000008,0.000602,0.000008
10240,26,0.000598,0.000005,0.000598,0.000005
10240,24,0.000596,0.000004,0.000596,0.000004
10240,22,0.000599,0.000011,0.000600,0.000011
10240,20,0.000599,0.000007,0.000599,0.000007
10240,18,0.000449,0.000009,0.000449,0.000009
10240,16,0.000446,0.000007,0.000446,0.000007
10240,14,0.000447,0.000006,0.000447,0.000006
10240,12,0.000445,0.000007,0.000446,0.000006
10240,10,0.000448,0.000006,0.000448,0.000006
10240,8,0.000399,0.000006,0.000399,0.000006
10240,6,0.000398,0.000006,0.000398,0.000006
10240,4,0.000399,0.000007,0.000399,0.000007
10240,2,0.000401,0.000008,0.000401,0.000009
20480,-1,0.000892,0.000023,0.000893,0.000023
20480,100,0.002841,0.000012,0.002841,0.000012
20480,90,0.002839,0.000013,0.002840,0.000013
20480,80,0.002844,0.000017,0.002844,0.000017
20480,70,0.001827,0.000007,0.001829,0.000016
20480,60,0.001830,0.000008,0.001830,0.000008
20480,50,0.001829,0.000009,0.001829,0.000009
20480,40,0.001854,0.000016,0.001855,0.000016
20480,30,0.001286,0.000013,0.001286,0.000013
20480,28,0.001285,0.000018,0.001285,0.000018
20480,26,0.001280,0.000010,0.001280,0.000010
20480,24,0.001277,0.000008,0.001278,0.000012
20480,22,0.001275,0.000007,0.001276,0.000007
20480,20,0.001274,0.000007,0.001274,0.000007
20480,18,0.000977,0.000016,0.000977,0.000016
20480,16,0.000993,0.000015,0.000993,0.000015
20480,14,0.000994,0.000012,0.000994,0.000012
20480,12,0.000988,0.000012,0.000988,0.000012
20480,10,0.000991,0.000011,0.000992,0.000011
20480,8,0.000888,0.000011,0.000888,0.000011
20480,6,0.000896,0.000023,0.000897,0.000023
20480,4,0.000899,0.000017,0.000900,0.000017
20480,2,0.000888,0.000017,0.000889,0.000017
40960,-1,0.001959,0.000032,0.001960,0.000032
40960,100,0.005963,0.000068,0.005963,0.000068
40960,90,0.006013,0.000048,0.006014,0.000048
40960,80,0.005865,0.000059,0.005867,0.000059
40960,70,0.003800,0.000026,0.003801,0.000026
40960,60,0.003787,0.000014,0.003788,0.000015
40960,50,0.003801,0.000063,0.003804,0.000067
40960,40,0.003904,0.000045,0.003904,0.000045
40960,30,0.002741,0.000015,0.002741,0.000015
40960,28,0.002735,0.000015,0.002735,0.000015
40960,26,0.002728,0.000019,0.002728,0.000020
40960,24,0.002682,0.000018,0.002682,0.000018
40960,22,0.002683,0.000016,0.002684,0.000016
40960,20,0.002680,0.000014,0.002680,0.000015
40960,18,0.002085,0.000017,0.002086,0.000017
40960,16,0.002088,0.000020,0.002088,0.000020
40960,14,0.002087,0.000018,0.002088,0.000018
40960,12,0.002094,0.000024,0.002097,0.000026
40960,10,0.002096,0.000023,0.002097,0.000023
40960,8,0.001903,0.000024,0.001903,0.000025
40960,6,0.001904,0.000031,0.001904,0.000031
40960,4,0.001913,0.000026,0.001913,0.000026
40960,2,0.001926,0.000033,0.001926,0.000033
81920,-1,0.004166,0.000084,0.004168,0.000086
81920,100,0.011959,0.000110,0.011960,0.000110
81920,90,0.011879,0.000031,0.011881,0.000031
81920,80,0.011858,0.000032,0.011861,0.000037
81920,70,0.007871,0.000066,0.007873,0.000065
81920,60,0.007970,0.000017,0.007971,0.000017
81920,50,0.007938,0.000052,0.007938,0.000052
81920,40,0.007903,0.000056,0.007903,0.000056
81920,30,0.005695,0.000054,0.005696,0.000053
81920,28,0.005732,0.000033,0.005732,0.000033
81920,26,0.005714,0.000039,0.005715,0.000039
81920,24,0.005689,0.000057,0.005690,0.000058
81920,22,0.005630,0.000041,0.005630,0.000041
81920,20,0.005628,0.000043,0.005628,0.000042
81920,18,0.004491,0.000051,0.004492,0.000051
81920,16,0.004449,0.000060,0.004450,0.000060
81920,14,0.004458,0.000057,0.004459,0.000057
81920,12,0.004504,0.000044,0.004505,0.000044
81920,10,0.004491,0.000026,0.004491,0.000026
81920,8,0.004127,0.000053,0.004127,0.000053
81920,6,0.004108,0.000041,0.004109,0.000041
81920,4,0.004137,0.000069,0.004137,0.000069
81920,2,0.004117,0.000044,0.004118,0.000044
163840,-1,0.008844,0.000108,0.008845,0.000109
163840,100,0.024676,0.000068,0.024680,0.000071
163840,90,0.024710,0.000113,0.024711,0.000113
163840,80,0.024249,0.000136,0.024256,0.000136
163840,70,0.016105,0.000043,0.016108,0.000045
163840,60,0.016094,0.000057,0.016097,0.000060
163840,50,0.016075,0.000036,0.016078,0.000040
163840,40,0.016070,0.000033,0.016074,0.000039
163840,30,0.011654,0.000032,0.011655,0.000033
163840,28,0.011668,0.000037,0.011671,0.000041
163840,26,0.011700,0.000039,0.011702,0.000039
163840,24,0.011652,0.000029,0.011654,0.000030
163840,22,0.011678,0.000044,0.011682,0.000056
163840,20,0.011675,0.000040,0.011676,0.000041
163840,18,0.009374,0.000089,0.009375,0.000088
163840,16,0.009410,0.000103,0.009412,0.000103
163840,14,0.009412,0.000089,0.009415,0.000091
163840,12,0.009311,0.000060,0.009312,0.000061
163840,10,0.009303,0.000052,0.009304,0.000052
163840,8,0.008583,0.000083,0.008584,0.000082
163840,6,0.008556,0.000071,0.008559,0.000073
163840,4,0.008596,0.000077,0.008597,0.000078
163840,2,0.008565,0.000066,0.008566,0.000066
327680,-1,0.018371,0.000129,0.018375,0.000127
327680,100,0.049426,0.000181,0.049437,0.000181
327680,90,0.049348,0.000083,0.049355,0.000085
327680,80,0.049424,0.000136,0.049431,0.000134
327680,70,0.033092,0.000076,0.033100,0.000079
327680,60,0.033101,0.000067,0.033109,0.000073
327680,50,0.033054,0.000055,0.033059,0.000055
327680,40,0.033056,0.000056,0.033059,0.000057
327680,30,0.024403,0.000172,0.024408,0.000171
327680,28,0.024480,0.000187,0.024485,0.000186
327680,26,0.024361,0.000064,0.024365,0.000065
327680,24,0.024316,0.000063,0.024323,0.000070
327680,22,0.024336,0.000056,0.024340,0.000058
327680,20,0.024361,0.000074,0.024364,0.000075
327680,18,0.019532,0.000078,0.019535,0.000078
327680,16,0.019545,0.000098,0.019547,0.000098
327680,14,0.019491,0.000082,0.019496,0.000084
327680,12,0.019493,0.000078,0.019498,0.000081
327680,10,0.019544,0.000093,0.019548,0.000101
327680,8,0.018081,0.000123,0.018083,0.000123
327680,6,0.018069,0.000140,0.018072,0.000140
327680,4,0.018094,0.000125,0.018096,0.000126
327680,2,0.018104,0.000131,0.018105,0.000131
655360,-1,0.038602,0.000205,0.038608,0.000206
655360,100,0.100701,0.000148,0.100720,0.000151
655360,90,0.100778,0.000326,0.100797,0.000335
655360,80,0.100890,0.000412,0.100905,0.000413
655360,70,0.068276,0.000151,0.068289,0.000153
655360,60,0.068184,0.000143,0.068195,0.000147
655360,50,0.068198,0.000238,0.068210,0.000234
655360,40,0.068227,0.000131,0.068239,0.000138
655360,30,0.050539,0.000081,0.050546,0.000084
655360,28,0.050514,0.000093,0.050520,0.000093
655360,26,0.050631,0.000125,0.050640,0.000125
655360,24,0.050641,0.000228,0.050649,0.000229
655360,22,0.050642,0.000148,0.050651,0.000151
655360,20,0.050654,0.000248,0.050662,0.000248
655360,18,0.041043,0.000127,0.041049,0.000128
655360,16,0.041007,0.000155,0.041015,0.000158
655360,14,0.040957,0.000169,0.040964,0.000168
655360,12,0.040963,0.000118,0.040969,0.000119
655360,10,0.040984,0.000123,0.040990,0.000124
655360,8,0.038068,0.000226,0.038075,0.000233
655360,6,0.038013,0.000181,0.038019,0.000184
655360,4,0.038233,0.000263,0.038241,0.000266
655360,2,0.038163,0.000151,0.038170,0.000149
1310720,-1,0.081149,0.000368,0.081165,0.000370
1310720,100,0.205803,0.000414,0.205842,0.000409
1310720,90,0.205707,0.000172,0.205739,0.000178
1310720,80,0.205676,0.000194,0.205709,0.000206
1310720,70,0.140631,0.000359,0.140651,0.000358
1310720,60,0.140682,0.000428,0.140705,0.000425
1310720,50,0.140628,0.000221,0.140652,0.000226
1310720,40,0.140657,0.000318,0.140684,0.000323
1310720,30,0.105298,0.000219,0.105318,0.000219
1310720,28,0.105353,0.000315,0.105371,0.000314
1310720,26,0.105237,0.000174,0.105255,0.000178
1310720,24,0.105163,0.000145,0.105179,0.000150
1310720,22,0.105228,0.000129,0.105250,0.000138
1310720,20,0.105274,0.000140,0.105299,0.000141
1310720,18,0.086078,0.000200,0.086092,0.000197
1310720,16,0.086089,0.000356,0.086103,0.000355
1310720,14,0.086156,0.000193,0.086174,0.000195
1310720,12,0.086036,0.000210,0.086052,0.000209
1310720,10,0.086017,0.000199,0.086031,0.000198
1310720,8,0.080036,0.000236,0.080048,0.000237
1310720,6,0.080045,0.000267,0.080063,0.000269
1310720,4,0.080255,0.000262,0.080270,0.000268
1310720,2,0.080382,0.000377,0.080398,0.000379
2621440,-1,0.170597,0.000455,0.170632,0.000459
2621440,100,0.419587,0.000545,0.419672,0.000550
2621440,90,0.419454,0.000318,0.419537,0.000315
2621440,80,0.422769,0.004117,0.422843,0.004108
2621440,70,0.289008,0.000416,0.289059,0.000407
2621440,60,0.288921,0.000602,0.288972,0.000600
2621440,50,0.288843,0.000338,0.288893,0.000355
2621440,40,0.288847,0.000440,0.288898,0.000441
2621440,30,0.218523,0.000639,0.218561,0.000638
2621440,28,0.218175,0.000594,0.218224,0.000592
2621440,26,0.218084,0.000225,0.218130,0.000229
2621440,24,0.218179,0.000256,0.218225,0.000251
2621440,22,0.218235,0.000589,0.218279,0.000586
2621440,20,0.218304,0.000461,0.218358,0.000467
2621440,18,0.180105,0.000356,0.180137,0.000361
2621440,16,0.180006,0.000461,0.180044,0.000461
2621440,14,0.179944,0.000343,0.179983,0.000339
2621440,12,0.179926,0.000272,0.179972,0.000275
2621440,10,0.179902,0.000436,0.179939,0.000439
2621440,8,0.168575,0.000371,0.168610,0.000375
2621440,6,0.168531,0.000393,0.168567,0.000404
2621440,4,0.168935,0.000526,0.168973,0.000539
2621440,2,0.168855,0.000360,0.168893,0.000366
5242880,-1,0.357482,0.000831,0.357557,0.000827
5242880,100,0.855507,0.000714,0.855687,0.000735
5242880,90,0.855627,0.000468,0.855812,0.000487
5242880,80,0.855650,0.000605,0.855833,0.000604
5242880,70,0.594809,0.000877,0.594948,0.000865
5242880,60,0.594448,0.000704,0.594570,0.000707
5242880,50,0.594518,0.000706,0.594651,0.000708
5242880,40,0.594675,0.000755,0.594808,0.000759
5242880,30,0.452936,0.000512,0.453027,0.000510
5242880,28,0.452870,0.000590,0.452978,0.000599
5242880,26,0.453106,0.000658,0.453204,0.000654
5242880,24,0.452960,0.000639,0.453064,0.000637
5242880,22,0.453098,0.000544,0.453191,0.000540
5242880,20,0.453004,0.000379,0.453116,0.000386
5242880,18,0.376909,0.000748,0.376995,0.000739
5242880,16,0.376929,0.000692,0.377023,0.000687
5242880,14,0.376815,0.000498,0.376889,0.000511
5242880,12,0.376990,0.000652,0.377074,0.000656
5242880,10,0.376935,0.000895,0.377018,0.000914
5242880,8,0.353847,0.000650,0.353935,0.000653
5242880,6,0.353654,0.000723,0.353735,0.000721
5242880,4,0.354543,0.000568,0.354625,0.000584
5242880,2,0.354543,0.000677,0.354628,0.000682
10485760,-1,0.748357,0.000810,0.748525,0.000810
10485760,100,1.744206,0.001239,1.744586,0.001241
10485760,90,1.744297,0.000906,1.744682,0.000902
10485760,80,1.744429,0.000882,1.744805,0.000888
10485760,70,1.222291,0.001243,1.222591,0.001213
10485760,60,1.222326,0.001517,1.222600,0.001517
10485760,50,1.222636,0.001582,1.222894,0.001578
10485760,40,1.222778,0.001399,1.223039,0.001399
10485760,30,0.939286,0.001056,0.939500,0.001058
10485760,28,0.939297,0.000885,0.939499,0.000882
10485760,26,0.939438,0.000922,0.939647,0.000934
10485760,24,0.939658,0.001170,0.939866,0.001164
10485760,22,0.939406,0.000705,0.939625,0.000708
10485760,20,0.939525,0.001035,0.939735,0.001032
10485760,18,0.787625,0.000925,0.787804,0.000938
10485760,16,0.787646,0.000654,0.787835,0.000642
10485760,14,0.787658,0.000963,0.787845,0.000970
10485760,12,0.787079,0.000952,0.787258,0.000958
10485760,10,0.787196,0.001269,0.787372,0.001270
10485760,8,0.741233,0.001435,0.741404,0.001416
10485760,6,0.740952,0.001052,0.741124,0.001046
10485760,4,0.743026,0.001172,0.743188,0.001172
10485760,2,0.742952,0.001055,0.743122,0.001039
20971520,-1,1.564139,0.001483,1.564531,0.001467
20971520,100,3.556444,0.002223,3.557238,0.002251
20971520,90,3.555841,0.001726,3.556611,0.001723
20971520,80,3.555715,0.002993,3.556467,0.003092
20971520,70,2.508166,0.002058,2.508710,0.002059
20971520,60,2.510416,0.003525,2.510931,0.003521
20971520,50,2.511615,0.002421,2.512216,0.002421
20971520,40,2.511692,0.003429,2.512219,0.003414
20971520,30,1.945305,0.001013,1.945750,0.001017
20971520,28,1.945752,0.001702,1.946196,0.001702
20971520,26,1.945413,0.001489,1.945863,0.001477
20971520,24,1.945119,0.001663,1.945556,0.001646
20971520,22,1.945552,0.001467,1.945941,0.001481
20971520,20,1.945357,0.001322,1.945736,0.001335
20971520,18,1.640594,0.001080,1.640920,0.001074
20971520,16,1.641342,0.002136,1.641731,0.002113
20971520,14,1.641181,0.001405,1.641572,0.001396
20971520,12,1.640821,0.001239,1.641217,0.001220
20971520,10,1.640710,0.001123,1.641084,0.001122
20971520,8,1.548581,0.002346,1.548879,0.002355
20971520,6,1.548848,0.001535,1.549209,0.001529
20971520,4,1.552548,0.001319,1.552903,0.001322
20971520,2,1.552621,0.001223,1.552991,0.001238
41943040,-1,3.258572,0.003267,3.259318,0.003258
41943040,100,7.241466,0.004372,7.242813,0.004320
41943040,90,7.242561,0.002968,7.243924,0.003037
41943040,80,7.243462,0.002395,7.245051,0.002423
41943040,70,5.156090,0.003102,5.157042,0.003118
41943040,60,5.155573,0.003999,5.156575,0.004010
41943040,50,5.156467,0.003776,5.157560,0.003806
41943040,40,5.155827,0.003265,5.156825,0.003277
41943040,30,4.023330,0.001736,4.024117,0.001746
41943040,28,4.023528,0.003368,4.024295,0.003383
41943040,26,4.023677,0.002619,4.024455,0.002636
41943040,24,4.024035,0.002251,4.024804,0.002246
41943040,22,4.023211,0.002440,4.023958,0.002449
41943040,20,4.022802,0.001727,4.023564,0.001726
41943040,18,3.413866,0.001873,3.414523,0.001872
41943040,16,3.417923,0.002114,3.418591,0.002107
41943040,14,3.414671,0.002602,3.415326,0.002597
41943040,12,3.414491,0.001790,3.415144,0.001805
41943040,10,3.414464,0.002331,3.415108,0.002326
41943040,8,3.229711,0.002545,3.230328,0.002556
41943040,6,3.229427,0.002083,3.230058,0.002090
41943040,4,3.238105,0.002461,3.238737,0.002464
41943040,2,3.238039,0.002026,3.238669,0.002030
83886080,-1,6.783933,0.003654,6.785283,0.003679
83886080,100,14.753860,0.004640,14.756626,0.004678
83886080,90,14.750427,0.004091,14.753152,0.004132
83886080,80,14.750582,0.003470,14.753281,0.003512
83886080,70,10.575684,0.005808,10.577696,0.005873
83886080,60,10.577476,0.005617,10.579523,0.005659
83886080,50,10.577181,0.006015,10.579423,0.006006
83886080,40,10.575391,0.005787,10.577427,0.005816
83886080,30,8.314729,0.004819,8.316348,0.004832
83886080,28,8.313424,0.004173,8.315025,0.004171
83886080,26,8.312774,0.004046,8.314382,0.004051
83886080,24,8.311795,0.003675,8.313396,0.003691
83886080,22,8.312178,0.004139,8.313735,0.004124
83886080,20,8.312020,0.004021,8.313596,0.004001
83886080,18,7.093558,0.003326,7.094939,0.003341
83886080,16,7.094055,0.004250,7.095428,0.004206
83886080,14,7.091803,0.003140,7.093200,0.003133
83886080,12,7.094756,0.003566,7.096181,0.003550
83886080,10,7.096910,0.005065,7.098306,0.005061
83886080,8,6.727868,0.005007,6.729188,0.004996
83886080,6,6.725776,0.005278,6.727106,0.005294
83886080,4,6.740761,0.003308,6.742079,0.003318
83886080,2,6.742052,0.005350,6.743404,0.005311
167772160,-1,14.100772,0.009060,14.103513,0.009010
167772160,100,30.031521,0.006538,30.036974,0.006626
167772160,90,30.033590,0.006917,30.039117,0.006940
167772160,80,30.037488,0.010602,30.043768,0.010682
167772160,70,21.681049,0.012527,21.685827,0.012585
167772160,60,21.681738,0.009976,21.685849,0.009998
167772160,50,21.682296,0.009992,21.686375,0.010072
167772160,40,21.682416,0.020527,21.686531,0.020531
167772160,30,17.144614,0.005075,17.147857,0.005065
167772160,28,17.143670,0.006190,17.146986,0.006139
167772160,26,17.145663,0.005140,17.148937,0.005175
167772160,24,17.148815,0.006739,17.152123,0.006793
167772160,22,17.143660,0.005616,17.146924,0.005594
167772160,20,17.149105,0.007614,17.152474,0.007630
167772160,18,14.702771,0.004534,14.705614,0.004535
167772160,16,14.705403,0.006420,14.708293,0.006388
167772160,14,14.703081,0.005284,14.705987,0.005303
167772160,12,14.706509,0.005748,14.709707,0.005727
167772160,10,14.709257,0.008891,14.712207,0.009022
167772160,8,13.969414,0.005126,13.972563,0.005068
167772160,6,13.973811,0.010265,13.976853,0.010266
167772160,4,14.000763,0.007754,14.004013,0.007719
167772160,2,14.001267,0.004587,14.004524,0.004601
335544320,-1,29.203331,0.016731,29.210064,0.016788
335544320,100,61.099416,0.011149,61.112822,0.011201
335544320,90,61.093832,0.021482,61.104939,0.021215
335544320,80,61.102534,0.018235,61.113763,0.018317
335544320,70,44.416753,0.015376,44.425828,0.015542
335544320,60,44.418445,0.014521,44.426808,0.014539
335544320,50,44.415812,0.015299,44.424145,0.015310
335544320,40,44.415179,0.022729,44.424110,0.022728
335544320,30,35.352885,0.008777,35.359813,0.008640
335544320,28,35.355137,0.013171,35.361901,0.013152
335544320,26,35.358872,0.016396,35.365657,0.016412
335544320,24,35.354906,0.011813,35.361811,0.011912
335544320,22,35.353887,0.011004,35.360723,0.011002
335544320,20,35.355634,0.010892,35.362444,0.010936
335544320,18,30.459441,0.011700,30.465386,0.011709
335544320,16,31.669770,0.176716,31.671808,0.176873
335544320,14,31.342873,0.210831,31.344979,0.210913
335544320,12,31.632797,0.148720,31.634989,0.148758
335544320,10,31.590941,0.165897,31.592916,0.165803
335544320,8,30.126176,0.144303,30.128454,0.144023
335544320,6,30.018358,0.125452,30.019985,0.125498
335544320,4,29.883424,0.192213,29.885532,0.192232
335544320,2,29.842659,0.139353,29.844588,0.139438
671088640,24,74.443307,0.116416,74.448273,0.116131
671088640,22,74.627067,0.115823,74.631589,0.115672
671088640,20,74.381291,0.066921,74.385978,0.066545
671088640,18,64.366448,0.033819,64.371355,0.034266
671088640,16,64.380267,0.033404,64.384627,0.033489
671088640,14,64.362215,0.037661,64.366559,0.037871
671088640,12,64.366357,0.034711,64.371024,0.034872
671088640,10,64.336100,0.054488,64.340731,0.054849
671088640,8,61.020325,0.434547,61.027324,0.431010
671088640,6,60.414072,0.031465,60.425455,0.031352
671088640,4,60.553370,0.052704,60.565407,0.052431
671088640,2,60.536508,0.033246,60.548532,0.032871
1342177280,24,156.049106,5.157858,165.720315,15.614066
1342177280,22,156.079976,1.742921,163.465414,2.624747
1342177280,20,157.671782,0.983335,165.307563,2.719180
1342177280,18,135.775836,1.343403,143.050918,2.752981
1342177280,16,134.927970,0.820207,142.923317,3.416651
1342177280,14,134.778011,0.524920,142.179014,2.150205
1342177280,12,135.094470,0.727705,143.815400,2.964425
1342177280,10,135.230611,0.429344,144.372258,2.157669
1342177280,8,128.739365,0.921112,136.605620,3.960657
1342177280,6,129.179324,0.611351,138.369283,2.872595
1342177280,4,130.091423,0.329684,139.569391,1.564138
1342177280,2,131.217307,0.877572,139.042560,2.739269
